COUNTY,CANDIDATE,VOTES,TOTAL,PCT
ANDERSON,David Alameel,209,628,33
ANDREWS,David Alameel,25,67,37
ANGELINA,David Alameel,251,866,29
ARANSAS,David Alameel,121,281,43
ARCHER,David Alameel,19,54,35
ARMSTRONG,David Alameel,0,0,0
ATASCOSA,David Alameel,497,798,62
AUSTIN,David Alameel,80,167,48
BAILEY,David Alameel,9,30,30
BANDERA,David Alameel,97,226,43
BASTROP,David Alameel,614,1613,38
BAYLOR,David Alameel,11,28,39
BEE,David Alameel,393,1015,39
BELL,David Alameel,1157,2504,46
BEXAR,David Alameel,21293,39571,54
BLANCO,David Alameel,67,152,44
BORDEN,David Alameel,0,0,0
BOSQUE,David Alameel,133,249,53
BOWIE,David Alameel,71,276,26
BRAZORIA,David Alameel,1028,2732,38
BRAZOS,David Alameel,390,1759,22
BREWSTER,David Alameel,327,1062,31
BRISCOE,David Alameel,3,14,21
BROOKS,David Alameel,846,1503,56
BROWN,David Alameel,65,186,35
BURLESON,David Alameel,45,207,22
BURNET,David Alameel,166,452,37
CALDWELL,David Alameel,634,1691,37
CALHOUN,David Alameel,477,1451,33
CALLAHAN,David Alameel,0,0,0
CAMERON,David Alameel,7660,14505,53
CAMP,David Alameel,63,182,35
CARSON,David Alameel,16,53,30
CASS,David Alameel,139,581,24
CASTRO,David Alameel,17,74,23
CHAMBERS,David Alameel,123,294,42
CHEROKEE,David Alameel,166,409,41
CHILDRESS,David Alameel,20,45,44
CLAY,David Alameel,38,86,44
COCHRAN,David Alameel,0,0,0
COKE,David Alameel,7,20,35
COLEMAN,David Alameel,30,64,47
COLLIN,David Alameel,3573,8481,42
COLLINGSWORTH,David Alameel,0,0,0
COLORADO,David Alameel,111,223,50
COMAL,David Alameel,559,1545,36
COMANCHE,David Alameel,78,156,50
CONCHO,David Alameel,4,21,19
COOKE,David Alameel,117,252,46
CORYELL,David Alameel,158,366,43
COTTLE,David Alameel,13,37,35
CRANE,David Alameel,31,84,37
CROCKETT,David Alameel,118,429,28
CROSBY,David Alameel,74,339,22
CULBERSON,David Alameel,80,380,21
DALLAM,David Alameel,0,0,0
DALLAS,David Alameel,29968,58806,51
DAWSON,David Alameel,111,269,41
DEAF SMITH,David Alameel,18,56,32
DELTA,David Alameel,26,80,33
DENTON,David Alameel,3223,6742,48
DE WITT,David Alameel,63,150,42
DICKENS,David Alameel,0,0,0
DIMMIT,David Alameel,1151,2003,57
DONLEY,David Alameel,9,19,47
DUVAL,David Alameel,1430,2489,57
EASTLAND,David Alameel,33,129,26
ECTOR,David Alameel,440,1240,35
EDWARDS,David Alameel,31,95,33
ELLIS,David Alameel,990,1956,51
EL PASO,David Alameel,9582,28639,33
ERATH,David Alameel,100,235,43
FALLS,David Alameel,114,222,51
FANNIN,David Alameel,164,386,42
FAYETTE,David Alameel,107,308,35
FISHER,David Alameel,116,437,27
FLOYD,David Alameel,15,29,52
FOARD,David Alameel,28,77,36
FORT BEND,David Alameel,3714,7981,47
FRANKLIN,David Alameel,36,78,46
FREESTONE,David Alameel,130,316,41
FRIO,David Alameel,1043,1653,63
GAINES,David Alameel,18,64,28
GALVESTON,David Alameel,1809,3958,46
GARZA,David Alameel,7,28,25
GILLESPIE,David Alameel,155,300,52
GLASSCOCK,David Alameel,0,0,0
GOLIAD,David Alameel,124,301,41
GONZALES,David Alameel,91,171,53
GRAY,David Alameel,26,77,34
GRAYSON,David Alameel,376,1049,36
GREGG,David Alameel,392,1728,23
GRIMES,David Alameel,81,219,37
GUADALUPE,David Alameel,639,1609,40
HALE,David Alameel,80,218,37
HALL,David Alameel,26,67,39
HAMILTON,David Alameel,71,133,53
HANSFORD,David Alameel,0,0,0
HARDEMAN,David Alameel,32,70,46
HARDIN,David Alameel,163,444,37
HARRIS,David Alameel,25386,48547,52
HARRISON,David Alameel,238,1125,21
HARTLEY,David Alameel,0,0,0
HASKELL,David Alameel,62,179,35
HAYS,David Alameel,1028,2860,36
HEMPHILL,David Alameel,10,17,59
HENDERSON,David Alameel,476,914,52
HIDALGO,David Alameel,18923,33564,56
HILL,David Alameel,205,412,50
HOCKLEY,David Alameel,33,119,28
HOOD,David Alameel,298,582,51
HOPKINS,David Alameel,202,416,49
HOUSTON,David Alameel,83,228,36
HOWARD,David Alameel,88,208,42
HUDSPETH,David Alameel,67,342,20
HUNT,David Alameel,316,669,47
HUTCHINSON,David Alameel,38,140,27
IRION,David Alameel,9,19,47
JACK,David Alameel,24,69,35
JACKSON,David Alameel,59,124,48
JASPER,David Alameel,268,745,36
JEFF DAVIS,David Alameel,46,248,19
JEFFERSON,David Alameel,2792,9550,29
JIM HOGG,David Alameel,1201,1628,74
JIM WELLS,David Alameel,2359,3999,59
JOHNSON,David Alameel,550,1204,46
JONES,David Alameel,41,134,31
KARNES,David Alameel,468,1228,38
KAUFMAN,David Alameel,514,1067,48
KENDALL,David Alameel,105,314,33
KENEDY,David Alameel,28,56,50
KENT,David Alameel,45,129,35
KERR,David Alameel,192,633,30
KIMBLE,David Alameel,0,0,0
KING,David Alameel,0,0,0
KINNEY,David Alameel,163,338,48
KLEBERG,David Alameel,667,1759,38
KNOX,David Alameel,25,61,41
LAMAR,David Alameel,303,557,54
LAMB,David Alameel,29,89,33
LAMPASAS,David Alameel,71,162,44
LA SALLE,David Alameel,315,751,42
LAVACA,David Alameel,76,235,32
LEE,David Alameel,94,265,35
LEON,David Alameel,38,129,29
LIBERTY,David Alameel,187,530,35
LIMESTONE,David Alameel,91,302,30
LIPSCOMB,David Alameel,6,14,43
LIVE OAK,David Alameel,40,110,36
LLANO,David Alameel,188,409,46
LOVING,David Alameel,2,11,18
LUBBOCK,David Alameel,1068,3748,28
LYNN,David Alameel,0,0,0
MADISON,David Alameel,17,102,17
MARION,David Alameel,76,220,35
MARTIN,David Alameel,9,27,33
MASON,David Alameel,21,63,33
MATAGORDA,David Alameel,473,1164,41
MAVERICK,David Alameel,2698,3863,70
MCCULLOCH,David Alameel,0,0,0
MCLENNAN,David Alameel,829,2092,40
MCMULLEN,David Alameel,0,0,0
MEDINA,David Alameel,241,477,51
MENARD,David Alameel,0,16,0
MIDLAND,David Alameel,333,911,37
MILAM,David Alameel,94,368,26
MILLS,David Alameel,0,0,0
MITCHELL,David Alameel,23,85,27
MONTAGUE,David Alameel,30,89,34
MONTGOMERY,David Alameel,1066,2310,46
MOORE,David Alameel,0,0,0
MORRIS,David Alameel,172,764,23
MOTLEY,David Alameel,7,14,50
NACOGDOCHES,David Alameel,254,622,41
NAVARRO,David Alameel,216,527,41
NEWTON,David Alameel,322,938,34
NOLAN,David Alameel,77,305,25
NUECES,David Alameel,3844,6871,56
OCHILTREE,David Alameel,3,17,18
OLDHAM,David Alameel,0,0,0
ORANGE,David Alameel,504,1255,40
PALO PINTO,David Alameel,179,324,55
PANOLA,David Alameel,61,223,27
PARKER,David Alameel,580,1262,46
PARMER,David Alameel,11,29,38
PECOS,David Alameel,192,502,38
POLK,David Alameel,180,464,39
POTTER,David Alameel,265,768,35
PRESIDIO,David Alameel,210,773,27
RAINS,David Alameel,49,98,50
RANDALL,David Alameel,331,883,37
REAGAN,David Alameel,6,10,60
REAL,David Alameel,8,14,57
RED RIVER,David Alameel,91,262,35
REEVES,David Alameel,278,1113,25
REFUGIO,David Alameel,85,232,37
ROBERTS,David Alameel,0,0,0
ROBERTSON,David Alameel,314,1353,23
ROCKWALL,David Alameel,434,911,48
RUNNELS,David Alameel,15,41,37
RUSK,David Alameel,86,329,26
SABINE,David Alameel,54,143,38
SAN AUGUSTINE,David Alameel,120,315,38
SAN JACINTO,David Alameel,209,577,36
SAN PATRICIO,David Alameel,596,1442,41
SAN SABA,David Alameel,0,0,0
SCHLEICHER,David Alameel,27,136,20
SCURRY,David Alameel,35,94,37
SHACKELFORD,David Alameel,0,0,0
SHELBY,David Alameel,78,403,19
SHERMAN,David Alameel,0,12,0
SMITH,David Alameel,712,1984,36
SOMERVELL,David Alameel,21,42,50
STARR,David Alameel,3630,5201,70
STEPHENS,David Alameel,12,48,25
STERLING,David Alameel,0,2,0
STONEWALL,David Alameel,47,156,30
SUTTON,David Alameel,11,26,42
SWISHER,David Alameel,122,400,31
TARRANT,David Alameel,18215,36773,50
TAYLOR,David Alameel,286,902,32
TERRELL,David Alameel,23,83,28
TERRY,David Alameel,22,99,22
THROCKMORTON,David Alameel,0,0,0
TITUS,David Alameel,159,407,39
TOM GREEN,David Alameel,399,870,46
TRAVIS,David Alameel,16206,40393,40
TRINITY,David Alameel,157,354,44
TYLER,David Alameel,101,315,32
UPSHUR,David Alameel,114,259,44
UPTON,David Alameel,80,297,27
UVALDE,David Alameel,662,1515,44
VAL VERDE,David Alameel,2509,5113,49
VAN ZANDT,David Alameel,187,432,43
VICTORIA,David Alameel,583,1273,46
WALKER,David Alameel,339,714,47
WALLER,David Alameel,247,785,31
WARD,David Alameel,170,483,35
WASHINGTON,David Alameel,142,334,43
WEBB,David Alameel,11371,21962,52
WHARTON,David Alameel,186,431,43
WHEELER,David Alameel,14,36,39
WICHITA,David Alameel,467,1198,39
WILBARGER,David Alameel,80,425,19
WILLACY,David Alameel,1214,2334,52
WILLIAMSON,David Alameel,2976,6680,45
WILSON,David Alameel,689,1116,62
WINKLER,David Alameel,7,23,30
WISE,David Alameel,267,575,46
WOOD,David Alameel,180,385,47
YOAKUM,David Alameel,0,0,0
YOUNG,David Alameel,68,144,47
ZAPATA,David Alameel,894,1458,61
ZAVALA,David Alameel,755,1158,65
ANDERSON,Kesha Rogers,175,628,28
ANDREWS,Kesha Rogers,17,67,25
ANGELINA,Kesha Rogers,207,866,24
ARANSAS,Kesha Rogers,64,281,23
ARCHER,Kesha Rogers,17,54,31
ARMSTRONG,Kesha Rogers,0,0,0
ATASCOSA,Kesha Rogers,131,798,16
AUSTIN,Kesha Rogers,34,167,20
BAILEY,Kesha Rogers,9,30,30
BANDERA,Kesha Rogers,37,226,16
BASTROP,Kesha Rogers,312,1613,19
BAYLOR,Kesha Rogers,8,28,29
BEE,Kesha Rogers,261,1015,26
BELL,Kesha Rogers,674,2504,27
BEXAR,Kesha Rogers,6692,39571,17
BLANCO,Kesha Rogers,27,152,18
BORDEN,Kesha Rogers,0,0,0
BOSQUE,Kesha Rogers,55,249,22
BOWIE,Kesha Rogers,105,276,38
BRAZORIA,Kesha Rogers,651,2732,24
BRAZOS,Kesha Rogers,604,1759,34
BREWSTER,Kesha Rogers,329,1062,31
BRISCOE,Kesha Rogers,4,14,29
BROOKS,Kesha Rogers,262,1503,17
BROWN,Kesha Rogers,54,186,29
BURLESON,Kesha Rogers,76,207,37
BURNET,Kesha Rogers,122,452,27
CALDWELL,Kesha Rogers,315,1691,19
CALHOUN,Kesha Rogers,430,1451,30
CALLAHAN,Kesha Rogers,0,0,0
CAMERON,Kesha Rogers,2646,14505,18
CAMP,Kesha Rogers,51,182,28
CARSON,Kesha Rogers,16,53,30
CASS,Kesha Rogers,183,581,31
CASTRO,Kesha Rogers,25,74,34
CHAMBERS,Kesha Rogers,48,294,16
CHEROKEE,Kesha Rogers,121,409,30
CHILDRESS,Kesha Rogers,13,45,29
CLAY,Kesha Rogers,15,86,17
COCHRAN,Kesha Rogers,0,0,0
COKE,Kesha Rogers,3,20,15
COLEMAN,Kesha Rogers,8,64,13
COLLIN,Kesha Rogers,2251,8481,27
COLLINGSWORTH,Kesha Rogers,0,0,0
COLORADO,Kesha Rogers,43,223,19
COMAL,Kesha Rogers,322,1545,21
COMANCHE,Kesha Rogers,23,156,15
CONCHO,Kesha Rogers,9,21,43
COOKE,Kesha Rogers,51,252,20
CORYELL,Kesha Rogers,98,366,27
COTTLE,Kesha Rogers,10,37,27
CRANE,Kesha Rogers,27,84,32
CROCKETT,Kesha Rogers,103,429,24
CROSBY,Kesha Rogers,95,339,28
CULBERSON,Kesha Rogers,93,380,24
DALLAM,Kesha Rogers,0,0,0
DALLAS,Kesha Rogers,16991,58806,29
DAWSON,Kesha Rogers,63,269,23
DEAF SMITH,Kesha Rogers,19,56,34
DELTA,Kesha Rogers,18,80,23
DENTON,Kesha Rogers,1628,6742,24
DE WITT,Kesha Rogers,27,150,18
DICKENS,Kesha Rogers,0,0,0
DIMMIT,Kesha Rogers,437,2003,22
DONLEY,Kesha Rogers,4,19,21
DUVAL,Kesha Rogers,403,2489,16
EASTLAND,Kesha Rogers,41,129,32
ECTOR,Kesha Rogers,319,1240,26
EDWARDS,Kesha Rogers,27,95,28
ELLIS,Kesha Rogers,592,1956,30
EL PASO,Kesha Rogers,2538,28639,9
ERATH,Kesha Rogers,57,235,24
FALLS,Kesha Rogers,62,222,28
FANNIN,Kesha Rogers,68,386,18
FAYETTE,Kesha Rogers,55,308,18
FISHER,Kesha Rogers,130,437,30
FLOYD,Kesha Rogers,9,29,31
FOARD,Kesha Rogers,16,77,21
FORT BEND,Kesha Rogers,2506,7981,31
FRANKLIN,Kesha Rogers,14,78,18
FREESTONE,Kesha Rogers,76,316,24
FRIO,Kesha Rogers,253,1653,15
GAINES,Kesha Rogers,22,64,34
GALVESTON,Kesha Rogers,858,3958,22
GARZA,Kesha Rogers,7,28,25
GILLESPIE,Kesha Rogers,34,300,11
GLASSCOCK,Kesha Rogers,0,0,0
GOLIAD,Kesha Rogers,73,301,24
GONZALES,Kesha Rogers,33,171,19
GRAY,Kesha Rogers,33,77,43
GRAYSON,Kesha Rogers,246,1049,23
GREGG,Kesha Rogers,850,1728,49
GRIMES,Kesha Rogers,33,219,15
GUADALUPE,Kesha Rogers,360,1609,22
HALE,Kesha Rogers,80,218,37
HALL,Kesha Rogers,9,67,13
HAMILTON,Kesha Rogers,27,133,20
HANSFORD,Kesha Rogers,0,0,0
HARDEMAN,Kesha Rogers,20,70,29
HARDIN,Kesha Rogers,96,444,22
HARRIS,Kesha Rogers,10703,48547,22
HARRISON,Kesha Rogers,469,1125,42
HARTLEY,Kesha Rogers,0,0,0
HASKELL,Kesha Rogers,36,179,20
HAYS,Kesha Rogers,450,2860,16
HEMPHILL,Kesha Rogers,1,17,6
HENDERSON,Kesha Rogers,194,914,21
HIDALGO,Kesha Rogers,7154,33564,21
HILL,Kesha Rogers,61,412,15
HOCKLEY,Kesha Rogers,37,119,31
HOOD,Kesha Rogers,100,582,17
HOPKINS,Kesha Rogers,110,416,26
HOUSTON,Kesha Rogers,59,228,26
HOWARD,Kesha Rogers,62,208,30
HUDSPETH,Kesha Rogers,102,342,30
HUNT,Kesha Rogers,138,669,21
HUTCHINSON,Kesha Rogers,49,140,35
IRION,Kesha Rogers,5,19,26
JACK,Kesha Rogers,27,69,39
JACKSON,Kesha Rogers,23,124,19
JASPER,Kesha Rogers,231,745,31
JEFF DAVIS,Kesha Rogers,79,248,32
JEFFERSON,Kesha Rogers,3722,9550,39
JIM HOGG,Kesha Rogers,207,1628,13
JIM WELLS,Kesha Rogers,548,3999,14
JOHNSON,Kesha Rogers,277,1204,23
JONES,Kesha Rogers,36,134,27
KARNES,Kesha Rogers,303,1228,25
KAUFMAN,Kesha Rogers,273,1067,26
KENDALL,Kesha Rogers,50,314,16
KENEDY,Kesha Rogers,5,56,9
KENT,Kesha Rogers,28,129,22
KERR,Kesha Rogers,111,633,18
KIMBLE,Kesha Rogers,0,0,0
KING,Kesha Rogers,0,0,0
KINNEY,Kesha Rogers,61,338,18
KLEBERG,Kesha Rogers,437,1759,25
KNOX,Kesha Rogers,6,61,10
LAMAR,Kesha Rogers,128,557,23
LAMB,Kesha Rogers,23,89,26
LAMPASAS,Kesha Rogers,31,162,19
LA SALLE,Kesha Rogers,165,751,22
LAVACA,Kesha Rogers,44,235,19
LEE,Kesha Rogers,49,265,18
LEON,Kesha Rogers,27,129,21
LIBERTY,Kesha Rogers,151,530,28
LIMESTONE,Kesha Rogers,58,302,19
LIPSCOMB,Kesha Rogers,0,14,0
LIVE OAK,Kesha Rogers,29,110,26
LLANO,Kesha Rogers,82,409,20
LOVING,Kesha Rogers,2,11,18
LUBBOCK,Kesha Rogers,767,3748,20
LYNN,Kesha Rogers,0,0,0
MADISON,Kesha Rogers,41,102,40
MARION,Kesha Rogers,66,220,30
MARTIN,Kesha Rogers,9,27,33
MASON,Kesha Rogers,12,63,19
MATAGORDA,Kesha Rogers,179,1164,15
MAVERICK,Kesha Rogers,555,3863,14
MCCULLOCH,Kesha Rogers,0,0,0
MCLENNAN,Kesha Rogers,662,2092,32
MCMULLEN,Kesha Rogers,0,0,0
MEDINA,Kesha Rogers,67,477,14
MENARD,Kesha Rogers,4,16,25
MIDLAND,Kesha Rogers,288,911,32
MILAM,Kesha Rogers,90,368,24
MILLS,Kesha Rogers,0,0,0
MITCHELL,Kesha Rogers,31,85,36
MONTAGUE,Kesha Rogers,16,89,18
MONTGOMERY,Kesha Rogers,362,2310,16
MOORE,Kesha Rogers,0,0,0
MORRIS,Kesha Rogers,288,764,38
MOTLEY,Kesha Rogers,1,14,7
NACOGDOCHES,Kesha Rogers,147,622,24
NAVARRO,Kesha Rogers,131,527,25
NEWTON,Kesha Rogers,250,938,27
NOLAN,Kesha Rogers,83,305,27
NUECES,Kesha Rogers,1108,6871,16
OCHILTREE,Kesha Rogers,9,17,53
OLDHAM,Kesha Rogers,0,0,0
ORANGE,Kesha Rogers,399,1255,32
PALO PINTO,Kesha Rogers,75,324,23
PANOLA,Kesha Rogers,63,223,28
PARKER,Kesha Rogers,252,1262,20
PARMER,Kesha Rogers,6,29,21
PECOS,Kesha Rogers,146,502,29
POLK,Kesha Rogers,112,464,24
POTTER,Kesha Rogers,236,768,31
PRESIDIO,Kesha Rogers,273,773,35
RAINS,Kesha Rogers,17,98,17
RANDALL,Kesha Rogers,177,883,20
REAGAN,Kesha Rogers,2,10,20
REAL,Kesha Rogers,3,14,21
RED RIVER,Kesha Rogers,105,262,40
REEVES,Kesha Rogers,319,1113,29
REFUGIO,Kesha Rogers,34,232,15
ROBERTS,Kesha Rogers,0,0,0
ROBERTSON,Kesha Rogers,347,1353,26
ROCKWALL,Kesha Rogers,204,911,22
RUNNELS,Kesha Rogers,5,41,12
RUSK,Kesha Rogers,85,329,26
SABINE,Kesha Rogers,38,143,27
SAN AUGUSTINE,Kesha Rogers,81,315,26
SAN JACINTO,Kesha Rogers,154,577,27
SAN PATRICIO,Kesha Rogers,244,1442,17
SAN SABA,Kesha Rogers,0,0,0
SCHLEICHER,Kesha Rogers,34,136,25
SCURRY,Kesha Rogers,26,94,28
SHACKELFORD,Kesha Rogers,0,0,0
SHELBY,Kesha Rogers,115,403,29
SHERMAN,Kesha Rogers,5,12,42
SMITH,Kesha Rogers,632,1984,32
SOMERVELL,Kesha Rogers,3,42,7
STARR,Kesha Rogers,556,5201,11
STEPHENS,Kesha Rogers,10,48,21
STERLING,Kesha Rogers,0,2,0
STONEWALL,Kesha Rogers,49,156,31
SUTTON,Kesha Rogers,3,26,12
SWISHER,Kesha Rogers,123,400,31
TARRANT,Kesha Rogers,10932,36773,30
TAYLOR,Kesha Rogers,194,902,22
TERRELL,Kesha Rogers,27,83,33
TERRY,Kesha Rogers,36,99,36
THROCKMORTON,Kesha Rogers,0,0,0
TITUS,Kesha Rogers,112,407,28
TOM GREEN,Kesha Rogers,154,870,18
TRAVIS,Kesha Rogers,4640,40393,11
TRINITY,Kesha Rogers,93,354,26
TYLER,Kesha Rogers,91,315,29
UPSHUR,Kesha Rogers,62,259,24
UPTON,Kesha Rogers,93,297,31
UVALDE,Kesha Rogers,330,1515,22
VAL VERDE,Kesha Rogers,1022,5113,20
VAN ZANDT,Kesha Rogers,109,432,25
VICTORIA,Kesha Rogers,225,1273,18
WALKER,Kesha Rogers,163,714,23
WALLER,Kesha Rogers,269,785,34
WARD,Kesha Rogers,127,483,26
WASHINGTON,Kesha Rogers,70,334,21
WEBB,Kesha Rogers,4321,21962,20
WHARTON,Kesha Rogers,91,431,21
WHEELER,Kesha Rogers,9,36,25
WICHITA,Kesha Rogers,264,1198,22
WILBARGER,Kesha Rogers,109,425,26
WILLACY,Kesha Rogers,435,2334,19
WILLIAMSON,Kesha Rogers,1277,6680,19
WILSON,Kesha Rogers,174,1116,16
WINKLER,Kesha Rogers,7,23,30
WISE,Kesha Rogers,118,575,21
WOOD,Kesha Rogers,93,385,24
YOAKUM,Kesha Rogers,0,0,0
YOUNG,Kesha Rogers,36,144,25
ZAPATA,Kesha Rogers,164,1458,11
ZAVALA,Kesha Rogers,205,1158,18
ANDERSON,Wendy Davis,627,685,92
ANDREWS,Wendy Davis,51,72,71
ANGELINA,Wendy Davis,789,907,87
ARANSAS,Wendy Davis,278,312,89
ARCHER,Wendy Davis,54,59,92
ARMSTRONG,Wendy Davis,0,0,0
ATASCOSA,Wendy Davis,537,832,65
AUSTIN,Wendy Davis,158,178,89
BAILEY,Wendy Davis,26,38,68
BANDERA,Wendy Davis,229,243,94
BASTROP,Wendy Davis,1613,1754,92
BAYLOR,Wendy Davis,22,32,69
BEE,Wendy Davis,420,1143,37
BELL,Wendy Davis,2319,2617,89
BEXAR,Wendy Davis,35578,41664,85
BLANCO,Wendy Davis,159,166,96
BORDEN,Wendy Davis,0,0,0
BOSQUE,Wendy Davis,243,271,90
BOWIE,Wendy Davis,260,300,87
BRAZORIA,Wendy Davis,2601,2839,92
BRAZOS,Wendy Davis,1734,1926,90
BREWSTER,Wendy Davis,841,1318,64
BRISCOE,Wendy Davis,17,20,85
BROOKS,Wendy Davis,552,1594,35
BROWN,Wendy Davis,180,208,87
BURLESON,Wendy Davis,202,229,88
BURNET,Wendy Davis,458,486,94
CALDWELL,Wendy Davis,1381,2024,68
CALHOUN,Wendy Davis,1026,1652,62
CALLAHAN,Wendy Davis,0,0,0
CAMERON,Wendy Davis,8514,15747,54
CAMP,Wendy Davis,171,193,89
CARSON,Wendy Davis,48,57,84
CASS,Wendy Davis,514,646,80
CASTRO,Wendy Davis,60,81,74
CHAMBERS,Wendy Davis,268,297,90
CHEROKEE,Wendy Davis,396,435,91
CHILDRESS,Wendy Davis,36,47,77
CLAY,Wendy Davis,76,92,83
COCHRAN,Wendy Davis,0,0,0
COKE,Wendy Davis,21,24,88
COLEMAN,Wendy Davis,60,69,87
COLLIN,Wendy Davis,9030,9441,96
COLLINGSWORTH,Wendy Davis,0,0,0
COLORADO,Wendy Davis,195,230,85
COMAL,Wendy Davis,1516,1646,92
COMANCHE,Wendy Davis,150,173,87
CONCHO,Wendy Davis,22,23,96
COOKE,Wendy Davis,252,273,92
CORYELL,Wendy Davis,335,386,87
COTTLE,Wendy Davis,24,40,60
CRANE,Wendy Davis,50,84,60
CROCKETT,Wendy Davis,256,597,43
CROSBY,Wendy Davis,236,413,57
CULBERSON,Wendy Davis,205,453,45
DALLAM,Wendy Davis,0,0,0
DALLAS,Wendy Davis,59649,64533,92
DAWSON,Wendy Davis,146,316,46
DEAF SMITH,Wendy Davis,40,61,66
DELTA,Wendy Davis,78,86,91
DENTON,Wendy Davis,6757,7079,95
DE WITT,Wendy Davis,143,155,92
DICKENS,Wendy Davis,0,0,0
DIMMIT,Wendy Davis,1060,2187,48
DONLEY,Wendy Davis,19,21,90
DUVAL,Wendy Davis,1114,2604,43
EASTLAND,Wendy Davis,118,141,84
ECTOR,Wendy Davis,907,1320,69
EDWARDS,Wendy Davis,65,118,55
ELLIS,Wendy Davis,1897,2072,92
EL PASO,Wendy Davis,19753,28474,69
ERATH,Wendy Davis,233,256,91
FALLS,Wendy Davis,194,228,85
FANNIN,Wendy Davis,353,406,87
FAYETTE,Wendy Davis,290,347,84
FISHER,Wendy Davis,365,543,67
FLOYD,Wendy Davis,20,33,61
FOARD,Wendy Davis,57,88,65
FORT BEND,Wendy Davis,7745,8331,93
FRANKLIN,Wendy Davis,80,90,89
FREESTONE,Wendy Davis,283,327,87
FRIO,Wendy Davis,796,1705,47
GAINES,Wendy Davis,45,66,68
GALVESTON,Wendy Davis,3969,4328,92
GARZA,Wendy Davis,22,27,81
GILLESPIE,Wendy Davis,307,320,96
GLASSCOCK,Wendy Davis,0,0,0
GOLIAD,Wendy Davis,214,362,59
GONZALES,Wendy Davis,158,250,63
GRAY,Wendy Davis,75,81,93
GRAYSON,Wendy Davis,1025,1113,92
GREGG,Wendy Davis,1744,1953,89
GRIMES,Wendy Davis,222,250,89
GUADALUPE,Wendy Davis,1502,1688,89
HALE,Wendy Davis,128,179,72
HALL,Wendy Davis,51,64,80
HAMILTON,Wendy Davis,140,157,89
HANSFORD,Wendy Davis,0,0,0
HARDEMAN,Wendy Davis,59,75,79
HARDIN,Wendy Davis,423,483,88
HARRIS,Wendy Davis,47372,51397,92
HARRISON,Wendy Davis,1070,1221,88
HARTLEY,Wendy Davis,0,0,0
HASKELL,Wendy Davis,158,207,76
HAYS,Wendy Davis,2954,3131,94
HEMPHILL,Wendy Davis,19,20,95
HENDERSON,Wendy Davis,922,1000,92
HIDALGO,Wendy Davis,16994,35901,47
HILL,Wendy Davis,375,431,87
HOCKLEY,Wendy Davis,96,130,74
HOOD,Wendy Davis,598,625,96
HOPKINS,Wendy Davis,407,465,88
HOUSTON,Wendy Davis,229,252,91
HOWARD,Wendy Davis,181,222,82
HUDSPETH,Wendy Davis,172,399,43
HUNT,Wendy Davis,664,718,92
HUTCHINSON,Wendy Davis,120,146,82
IRION,Wendy Davis,17,21,81
JACK,Wendy Davis,63,71,89
JACKSON,Wendy Davis,102,134,76
JASPER,Wendy Davis,598,825,72
JEFF DAVIS,Wendy Davis,268,410,65
JEFFERSON,Wendy Davis,9322,10623,88
JIM HOGG,Wendy Davis,607,1574,39
JIM WELLS,Wendy Davis,1706,4197,41
JOHNSON,Wendy Davis,1169,1279,91
JONES,Wendy Davis,118,137,86
KARNES,Wendy Davis,738,1398,53
KAUFMAN,Wendy Davis,1091,1175,93
KENDALL,Wendy Davis,309,327,94
KENEDY,Wendy Davis,22,59,37
KENT,Wendy Davis,94,151,62
KERR,Wendy Davis,551,578,95
KIMBLE,Wendy Davis,0,0,0
KING,Wendy Davis,1,2,50
KINNEY,Wendy Davis,228,410,56
KLEBERG,Wendy Davis,761,2028,38
KNOX,Wendy Davis,65,76,86
LAMAR,Wendy Davis,522,597,87
LAMB,Wendy Davis,62,94,66
LAMPASAS,Wendy Davis,148,175,85
LA SALLE,Wendy Davis,368,869,42
LAVACA,Wendy Davis,210,257,82
LEE,Wendy Davis,233,284,82
LEON,Wendy Davis,127,138,92
LIBERTY,Wendy Davis,501,563,89
LIMESTONE,Wendy Davis,277,324,85
LIPSCOMB,Wendy Davis,12,15,80
LIVE OAK,Wendy Davis,78,116,67
LLANO,Wendy Davis,406,443,92
LOVING,Wendy Davis,6,10,60
LUBBOCK,Wendy Davis,3191,3925,81
LYNN,Wendy Davis,0,0,0
MADISON,Wendy Davis,99,109,91
MARION,Wendy Davis,203,233,87
MARTIN,Wendy Davis,16,32,50
MASON,Wendy Davis,63,73,86
MATAGORDA,Wendy Davis,975,1311,74
MAVERICK,Wendy Davis,2067,3781,55
MCCULLOCH,Wendy Davis,0,0,0
MCLENNAN,Wendy Davis,2053,2288,90
MCMULLEN,Wendy Davis,0,0,0
MEDINA,Wendy Davis,411,497,83
MENARD,Wendy Davis,17,21,81
MIDLAND,Wendy Davis,765,960,80
MILAM,Wendy Davis,350,398,88
MILLS,Wendy Davis,0,0,0
MITCHELL,Wendy Davis,78,102,76
MONTAGUE,Wendy Davis,92,101,91
MONTGOMERY,Wendy Davis,2345,2500,94
MOORE,Wendy Davis,0,0,0
MORRIS,Wendy Davis,692,905,76
MOTLEY,Wendy Davis,13,14,93
NACOGDOCHES,Wendy Davis,604,673,90
NAVARRO,Wendy Davis,481,562,86
NEWTON,Wendy Davis,712,1086,66
NOLAN,Wendy Davis,281,355,79
NUECES,Wendy Davis,5411,7688,70
OCHILTREE,Wendy Davis,13,19,68
OLDHAM,Wendy Davis,0,0,0
ORANGE,Wendy Davis,1141,1336,85
PALO PINTO,Wendy Davis,308,354,87
PANOLA,Wendy Davis,195,233,84
PARKER,Wendy Davis,1273,1364,93
PARMER,Wendy Davis,15,28,54
PECOS,Wendy Davis,250,576,43
POLK,Wendy Davis,436,488,89
POTTER,Wendy Davis,669,808,83
PRESIDIO,Wendy Davis,448,975,46
RAINS,Wendy Davis,93,109,85
RANDALL,Wendy Davis,796,909,88
REAGAN,Wendy Davis,5,9,56
REAL,Wendy Davis,13,14,93
RED RIVER,Wendy Davis,255,298,86
REEVES,Wendy Davis,520,1316,40
REFUGIO,Wendy Davis,141,253,56
ROBERTS,Wendy Davis,0,0,0
ROBERTSON,Wendy Davis,1195,1599,75
ROCKWALL,Wendy Davis,912,968,94
RUNNELS,Wendy Davis,38,44,86
RUSK,Wendy Davis,296,346,86
SABINE,Wendy Davis,125,144,87
SAN AUGUSTINE,Wendy Davis,249,346,72
SAN JACINTO,Wendy Davis,527,622,85
SAN PATRICIO,Wendy Davis,895,1644,54
SAN SABA,Wendy Davis,0,0,0
SCHLEICHER,Wendy Davis,95,157,61
SCURRY,Wendy Davis,74,95,78
SHACKELFORD,Wendy Davis,0,0,0
SHELBY,Wendy Davis,379,449,84
SHERMAN,Wendy Davis,9,11,82
SMITH,Wendy Davis,1973,2146,92
SOMERVELL,Wendy Davis,40,44,91
STARR,Wendy Davis,1489,4274,35
STEPHENS,Wendy Davis,39,51,76
STERLING,Wendy Davis,2,2,100
STONEWALL,Wendy Davis,139,199,70
SUTTON,Wendy Davis,18,32,56
SWISHER,Wendy Davis,289,457,63
TARRANT,Wendy Davis,38560,41012,94
TAYLOR,Wendy Davis,824,952,87
TERRELL,Wendy Davis,54,116,47
TERRY,Wendy Davis,78,112,70
THROCKMORTON,Wendy Davis,0,0,0
TITUS,Wendy Davis,354,435,81
TOM GREEN,Wendy Davis,800,935,86
TRAVIS,Wendy Davis,43414,45341,96
TRINITY,Wendy Davis,327,381,86
TYLER,Wendy Davis,289,336,86
UPSHUR,Wendy Davis,245,272,90
UPTON,Wendy Davis,151,349,43
UVALDE,Wendy Davis,1070,1779,60
VAL VERDE,Wendy Davis,2899,5589,52
VAN ZANDT,Wendy Davis,434,469,93
VICTORIA,Wendy Davis,953,1363,70
WALKER,Wendy Davis,692,757,91
WALLER,Wendy Davis,733,839,87
WARD,Wendy Davis,253,525,48
WASHINGTON,Wendy Davis,323,356,91
WEBB,Wendy Davis,10446,23645,44
WHARTON,Wendy Davis,382,455,84
WHEELER,Wendy Davis,36,40,90
WICHITA,Wendy Davis,1147,1265,91
WILBARGER,Wendy Davis,351,508,69
WILLACY,Wendy Davis,967,2478,39
WILLIAMSON,Wendy Davis,6849,7176,95
WILSON,Wendy Davis,891,1187,75
WINKLER,Wendy Davis,17,25,68
WISE,Wendy Davis,535,596,90
WOOD,Wendy Davis,361,404,89
YOAKUM,Wendy Davis,0,0,0
YOUNG,Wendy Davis,137,160,86
ZAPATA,Wendy Davis,535,1532,35
ZAVALA,Wendy Davis,498,1200,42
ANDERSON,Jim Hogan,306,627,49
ANDREWS,Jim Hogan,37,69,54
ANGELINA,Jim Hogan,399,869,46
ARANSAS,Jim Hogan,125,289,43
ARCHER,Jim Hogan,24,55,44
ARMSTRONG,Jim Hogan,0,0,0
ATASCOSA,Jim Hogan,325,788,41
AUSTIN,Jim Hogan,59,172,34
BAILEY,Jim Hogan,11,32,34
BANDERA,Jim Hogan,65,237,27
BASTROP,Jim Hogan,543,1662,33
BAYLOR,Jim Hogan,14,30,47
BEE,Jim Hogan,426,1016,42
BELL,Jim Hogan,1015,2458,41
BEXAR,Jim Hogan,12474,38649,32
BLANCO,Jim Hogan,46,160,29
BORDEN,Jim Hogan,0,0,0
BOSQUE,Jim Hogan,126,255,49
BOWIE,Jim Hogan,141,291,48
BRAZORIA,Jim Hogan,1133,2694,42
BRAZOS,Jim Hogan,741,1782,42
BREWSTER,Jim Hogan,337,1204,28
BRISCOE,Jim Hogan,13,19,68
BROOKS,Jim Hogan,616,1464,42
BROWN,Jim Hogan,79,192,41
BURLESON,Jim Hogan,83,213,39
BURNET,Jim Hogan,168,458,37
CALDWELL,Jim Hogan,679,1837,37
CALHOUN,Jim Hogan,802,1505,53
CALLAHAN,Jim Hogan,0,0,0
CAMERON,Jim Hogan,6331,14067,45
CAMP,Jim Hogan,83,181,46
CARSON,Jim Hogan,32,56,57
CASS,Jim Hogan,327,591,55
CASTRO,Jim Hogan,42,75,56
CHAMBERS,Jim Hogan,123,293,42
CHEROKEE,Jim Hogan,187,412,45
CHILDRESS,Jim Hogan,16,42,38
CLAY,Jim Hogan,45,87,52
COCHRAN,Jim Hogan,0,0,0
COKE,Jim Hogan,9,22,41
COLEMAN,Jim Hogan,26,67,39
COLLIN,Jim Hogan,3155,8130,39
COLLINGSWORTH,Jim Hogan,0,0,0
COLORADO,Jim Hogan,80,216,37
COMAL,Jim Hogan,570,1572,36
COMANCHE,Jim Hogan,71,156,46
CONCHO,Jim Hogan,12,21,57
COOKE,Jim Hogan,110,254,43
CORYELL,Jim Hogan,176,367,48
COTTLE,Jim Hogan,18,35,51
CRANE,Jim Hogan,32,79,41
CROCKETT,Jim Hogan,206,491,42
CROSBY,Jim Hogan,212,369,57
CULBERSON,Jim Hogan,134,374,36
DALLAM,Jim Hogan,0,0,0
DALLAS,Jim Hogan,18670,55015,34
DAWSON,Jim Hogan,137,267,51
DEAF SMITH,Jim Hogan,19,53,36
DELTA,Jim Hogan,52,85,61
DENTON,Jim Hogan,2690,6606,41
DE WITT,Jim Hogan,56,149,38
DICKENS,Jim Hogan,0,0,0
DIMMIT,Jim Hogan,651,2562,25
DONLEY,Jim Hogan,9,19,47
DUVAL,Jim Hogan,1296,2370,55
EASTLAND,Jim Hogan,63,128,49
ECTOR,Jim Hogan,578,1194,48
EDWARDS,Jim Hogan,46,92,50
ELLIS,Jim Hogan,769,1902,40
EL PASO,Jim Hogan,8633,26042,33
ERATH,Jim Hogan,94,240,39
FALLS,Jim Hogan,113,219,52
FANNIN,Jim Hogan,171,394,43
FAYETTE,Jim Hogan,127,322,39
FISHER,Jim Hogan,304,495,61
FLOYD,Jim Hogan,22,29,76
FOARD,Jim Hogan,47,83,57
FORT BEND,Jim Hogan,3517,7707,46
FRANKLIN,Jim Hogan,35,83,42
FREESTONE,Jim Hogan,163,302,54
FRIO,Jim Hogan,661,1432,46
GAINES,Jim Hogan,36,66,55
GALVESTON,Jim Hogan,1661,3842,43
GARZA,Jim Hogan,16,26,62
GILLESPIE,Jim Hogan,86,306,28
GLASSCOCK,Jim Hogan,0,0,0
GOLIAD,Jim Hogan,120,300,40
GONZALES,Jim Hogan,88,190,46
GRAY,Jim Hogan,38,74,51
GRAYSON,Jim Hogan,410,1040,39
GREGG,Jim Hogan,832,1596,52
GRIMES,Jim Hogan,96,239,40
GUADALUPE,Jim Hogan,682,1573,43
HALE,Jim Hogan,100,168,60
HALL,Jim Hogan,33,61,54
HAMILTON,Jim Hogan,66,141,47
HANSFORD,Jim Hogan,0,0,0
HARDEMAN,Jim Hogan,32,66,48
HARDIN,Jim Hogan,235,457,51
HARRIS,Jim Hogan,19799,47072,42
HARRISON,Jim Hogan,593,1118,53
HARTLEY,Jim Hogan,0,0,0
HASKELL,Jim Hogan,116,192,60
HAYS,Jim Hogan,827,2922,28
HEMPHILL,Jim Hogan,8,17,47
HENDERSON,Jim Hogan,373,926,40
HIDALGO,Jim Hogan,11973,30809,39
HILL,Jim Hogan,190,401,47
HOCKLEY,Jim Hogan,73,123,59
HOOD,Jim Hogan,281,585,48
HOPKINS,Jim Hogan,198,420,47
HOUSTON,Jim Hogan,134,235,57
HOWARD,Jim Hogan,92,214,43
HUDSPETH,Jim Hogan,123,356,35
HUNT,Jim Hogan,274,664,41
HUTCHINSON,Jim Hogan,68,139,49
IRION,Jim Hogan,7,19,37
JACK,Jim Hogan,40,71,56
JACKSON,Jim Hogan,54,121,45
JASPER,Jim Hogan,495,787,63
JEFF DAVIS,Jim Hogan,127,364,35
JEFFERSON,Jim Hogan,4078,9105,45
JIM HOGG,Jim Hogan,667,1446,46
JIM WELLS,Jim Hogan,1545,3760,41
JOHNSON,Jim Hogan,561,1214,46
JONES,Jim Hogan,71,135,53
KARNES,Jim Hogan,486,1311,37
KAUFMAN,Jim Hogan,406,1045,39
KENDALL,Jim Hogan,105,319,33
KENEDY,Jim Hogan,23,53,43
KENT,Jim Hogan,72,137,53
KERR,Jim Hogan,115,543,21
KIMBLE,Jim Hogan,0,0,0
KING,Jim Hogan,2,2,100
KINNEY,Jim Hogan,143,333,43
KLEBERG,Jim Hogan,738,1750,42
KNOX,Jim Hogan,40,65,62
LAMAR,Jim Hogan,295,557,53
LAMB,Jim Hogan,53,92,58
LAMPASAS,Jim Hogan,66,161,41
LA SALLE,Jim Hogan,308,796,39
LAVACA,Jim Hogan,136,238,57
LEE,Jim Hogan,130,276,47
LEON,Jim Hogan,55,131,42
LIBERTY,Jim Hogan,227,528,43
LIMESTONE,Jim Hogan,152,299,51
LIPSCOMB,Jim Hogan,5,15,33
LIVE OAK,Jim Hogan,49,113,43
LLANO,Jim Hogan,186,422,44
LOVING,Jim Hogan,5,9,56
LUBBOCK,Jim Hogan,1576,3722,42
LYNN,Jim Hogan,0,0,0
MADISON,Jim Hogan,57,101,56
MARION,Jim Hogan,87,216,40
MARTIN,Jim Hogan,12,26,46
MASON,Jim Hogan,29,61,48
MATAGORDA,Jim Hogan,621,1228,51
MAVERICK,Jim Hogan,1493,3149,47
MCCULLOCH,Jim Hogan,0,0,0
MCLENNAN,Jim Hogan,958,2030,47
MCMULLEN,Jim Hogan,0,0,0
MEDINA,Jim Hogan,160,477,34
MENARD,Jim Hogan,4,20,20
MIDLAND,Jim Hogan,425,878,48
MILAM,Jim Hogan,173,385,45
MILLS,Jim Hogan,0,0,0
MITCHELL,Jim Hogan,46,89,52
MONTAGUE,Jim Hogan,38,90,42
MONTGOMERY,Jim Hogan,602,2280,26
MOORE,Jim Hogan,0,0,0
MORRIS,Jim Hogan,426,811,53
MOTLEY,Jim Hogan,8,14,57
NACOGDOCHES,Jim Hogan,228,624,37
NAVARRO,Jim Hogan,247,503,49
NEWTON,Jim Hogan,557,983,57
NOLAN,Jim Hogan,176,333,53
NUECES,Jim Hogan,2979,6686,45
OCHILTREE,Jim Hogan,10,19,53
OLDHAM,Jim Hogan,0,0,0
ORANGE,Jim Hogan,706,1263,56
PALO PINTO,Jim Hogan,135,325,42
PANOLA,Jim Hogan,116,227,51
PARKER,Jim Hogan,490,1264,39
PARMER,Jim Hogan,17,28,61
PECOS,Jim Hogan,254,514,49
POLK,Jim Hogan,190,459,41
POTTER,Jim Hogan,306,752,41
PRESIDIO,Jim Hogan,312,844,37
RAINS,Jim Hogan,45,100,45
RANDALL,Jim Hogan,393,881,45
REAGAN,Jim Hogan,3,9,33
REAL,Jim Hogan,1,14,7
RED RIVER,Jim Hogan,153,262,58
REEVES,Jim Hogan,514,1119,46
REFUGIO,Jim Hogan,105,237,44
ROBERTS,Jim Hogan,0,0,0
ROBERTSON,Jim Hogan,762,1433,53
ROCKWALL,Jim Hogan,352,890,40
RUNNELS,Jim Hogan,16,42,38
RUSK,Jim Hogan,147,336,44
SABINE,Jim Hogan,79,145,54
SAN AUGUSTINE,Jim Hogan,153,322,48
SAN JACINTO,Jim Hogan,287,587,49
SAN PATRICIO,Jim Hogan,672,1393,48
SAN SABA,Jim Hogan,0,0,0
SCHLEICHER,Jim Hogan,77,138,56
SCURRY,Jim Hogan,42,89,47
SHACKELFORD,Jim Hogan,0,0,0
SHELBY,Jim Hogan,251,414,61
SHERMAN,Jim Hogan,9,11,82
SMITH,Jim Hogan,1017,1935,53
SOMERVELL,Jim Hogan,13,43,30
STARR,Jim Hogan,1314,3581,37
STEPHENS,Jim Hogan,36,50,72
STERLING,Jim Hogan,1,3,33
STONEWALL,Jim Hogan,113,186,61
SUTTON,Jim Hogan,8,25,32
SWISHER,Jim Hogan,223,420,53
TARRANT,Jim Hogan,13527,34704,39
TAYLOR,Jim Hogan,511,914,56
TERRELL,Jim Hogan,32,88,36
TERRY,Jim Hogan,61,105,58
THROCKMORTON,Jim Hogan,0,0,0
TITUS,Jim Hogan,185,418,44
TOM GREEN,Jim Hogan,361,886,41
TRAVIS,Jim Hogan,10901,41400,26
TRINITY,Jim Hogan,163,320,51
TYLER,Jim Hogan,177,320,55
UPSHUR,Jim Hogan,129,263,49
UPTON,Jim Hogan,132,306,43
UVALDE,Jim Hogan,597,1502,40
VAL VERDE,Jim Hogan,2014,5044,40
VAN ZANDT,Jim Hogan,223,445,50
VICTORIA,Jim Hogan,694,1241,56
WALKER,Jim Hogan,318,707,45
WALLER,Jim Hogan,355,776,46
WARD,Jim Hogan,270,492,55
WASHINGTON,Jim Hogan,147,338,43
WEBB,Jim Hogan,9942,21821,46
WHARTON,Jim Hogan,209,432,48
WHEELER,Jim Hogan,19,38,50
WICHITA,Jim Hogan,559,1202,47
WILBARGER,Jim Hogan,231,459,50
WILLACY,Jim Hogan,1000,2270,44
WILLIAMSON,Jim Hogan,2234,6690,33
WILSON,Jim Hogan,500,1058,47
WINKLER,Jim Hogan,10,20,50
WISE,Jim Hogan,272,575,47
WOOD,Jim Hogan,197,393,50
YOAKUM,Jim Hogan,0,0,0
YOUNG,Jim Hogan,67,151,44
ZAPATA,Jim Hogan,694,1348,51
ZAVALA,Jim Hogan,443,995,45
ANDERSON,"Richard ""Kinky"" Friedman",203,627,32
ANDREWS,"Richard ""Kinky"" Friedman",28,69,41
ANGELINA,"Richard ""Kinky"" Friedman",314,869,36
ARANSAS,"Richard ""Kinky"" Friedman",98,289,34
ARCHER,"Richard ""Kinky"" Friedman",14,55,25
ARMSTRONG,"Richard ""Kinky"" Friedman",0,0,0
ATASCOSA,"Richard ""Kinky"" Friedman",315,788,40
AUSTIN,"Richard ""Kinky"" Friedman",66,172,38
BAILEY,"Richard ""Kinky"" Friedman",16,32,50
BANDERA,"Richard ""Kinky"" Friedman",112,237,47
BASTROP,"Richard ""Kinky"" Friedman",658,1662,40
BAYLOR,"Richard ""Kinky"" Friedman",10,30,33
BEE,"Richard ""Kinky"" Friedman",387,1016,38
BELL,"Richard ""Kinky"" Friedman",728,2458,30
BEXAR,"Richard ""Kinky"" Friedman",15231,38649,39
BLANCO,"Richard ""Kinky"" Friedman",77,160,48
BORDEN,"Richard ""Kinky"" Friedman",0,0,0
BOSQUE,"Richard ""Kinky"" Friedman",98,255,38
BOWIE,"Richard ""Kinky"" Friedman",98,291,34
BRAZORIA,"Richard ""Kinky"" Friedman",865,2694,32
BRAZOS,"Richard ""Kinky"" Friedman",593,1782,33
BREWSTER,"Richard ""Kinky"" Friedman",642,1204,53
BRISCOE,"Richard ""Kinky"" Friedman",5,19,26
BROOKS,"Richard ""Kinky"" Friedman",681,1464,47
BROWN,"Richard ""Kinky"" Friedman",77,192,40
BURLESON,"Richard ""Kinky"" Friedman",73,213,34
BURNET,"Richard ""Kinky"" Friedman",153,458,33
CALDWELL,"Richard ""Kinky"" Friedman",824,1837,45
CALHOUN,"Richard ""Kinky"" Friedman",569,1505,38
CALLAHAN,"Richard ""Kinky"" Friedman",0,0,0
CAMERON,"Richard ""Kinky"" Friedman",5447,14067,39
CAMP,"Richard ""Kinky"" Friedman",51,181,28
CARSON,"Richard ""Kinky"" Friedman",16,56,29
CASS,"Richard ""Kinky"" Friedman",185,591,31
CASTRO,"Richard ""Kinky"" Friedman",22,75,29
CHAMBERS,"Richard ""Kinky"" Friedman",123,293,42
CHEROKEE,"Richard ""Kinky"" Friedman",130,412,32
CHILDRESS,"Richard ""Kinky"" Friedman",16,42,38
CLAY,"Richard ""Kinky"" Friedman",31,87,36
COCHRAN,"Richard ""Kinky"" Friedman",0,0,0
COKE,"Richard ""Kinky"" Friedman",9,22,41
COLEMAN,"Richard ""Kinky"" Friedman",22,67,33
COLLIN,"Richard ""Kinky"" Friedman",2881,8130,35
COLLINGSWORTH,"Richard ""Kinky"" Friedman",0,0,0
COLORADO,"Richard ""Kinky"" Friedman",85,216,39
COMAL,"Richard ""Kinky"" Friedman",627,1572,40
COMANCHE,"Richard ""Kinky"" Friedman",63,156,40
CONCHO,"Richard ""Kinky"" Friedman",6,21,29
COOKE,"Richard ""Kinky"" Friedman",102,254,40
CORYELL,"Richard ""Kinky"" Friedman",112,367,31
COTTLE,"Richard ""Kinky"" Friedman",15,35,43
CRANE,"Richard ""Kinky"" Friedman",37,79,47
CROCKETT,"Richard ""Kinky"" Friedman",235,491,48
CROSBY,"Richard ""Kinky"" Friedman",133,369,36
CULBERSON,"Richard ""Kinky"" Friedman",184,374,49
DALLAM,"Richard ""Kinky"" Friedman",0,0,0
DALLAS,"Richard ""Kinky"" Friedman",17586,55015,32
DAWSON,"Richard ""Kinky"" Friedman",91,267,34
DEAF SMITH,"Richard ""Kinky"" Friedman",23,53,43
DELTA,"Richard ""Kinky"" Friedman",29,85,34
DENTON,"Richard ""Kinky"" Friedman",2543,6606,38
DE WITT,"Richard ""Kinky"" Friedman",74,149,50
DICKENS,"Richard ""Kinky"" Friedman",0,0,0
DIMMIT,"Richard ""Kinky"" Friedman",1168,2562,46
DONLEY,"Richard ""Kinky"" Friedman",6,19,32
DUVAL,"Richard ""Kinky"" Friedman",767,2370,32
EASTLAND,"Richard ""Kinky"" Friedman",42,128,33
ECTOR,"Richard ""Kinky"" Friedman",442,1194,37
EDWARDS,"Richard ""Kinky"" Friedman",39,92,42
ELLIS,"Richard ""Kinky"" Friedman",645,1902,34
EL PASO,"Richard ""Kinky"" Friedman",11295,26042,43
ERATH,"Richard ""Kinky"" Friedman",109,240,45
FALLS,"Richard ""Kinky"" Friedman",69,219,32
FANNIN,"Richard ""Kinky"" Friedman",147,394,37
FAYETTE,"Richard ""Kinky"" Friedman",132,322,41
FISHER,"Richard ""Kinky"" Friedman",143,495,29
FLOYD,"Richard ""Kinky"" Friedman",5,29,17
FOARD,"Richard ""Kinky"" Friedman",23,83,28
FORT BEND,"Richard ""Kinky"" Friedman",2584,7707,34
FRANKLIN,"Richard ""Kinky"" Friedman",36,83,43
FREESTONE,"Richard ""Kinky"" Friedman",94,302,31
FRIO,"Richard ""Kinky"" Friedman",542,1432,38
GAINES,"Richard ""Kinky"" Friedman",25,66,38
GALVESTON,"Richard ""Kinky"" Friedman",1513,3842,39
GARZA,"Richard ""Kinky"" Friedman",6,26,23
GILLESPIE,"Richard ""Kinky"" Friedman",131,306,43
GLASSCOCK,"Richard ""Kinky"" Friedman",0,0,0
GOLIAD,"Richard ""Kinky"" Friedman",128,300,43
GONZALES,"Richard ""Kinky"" Friedman",77,190,41
GRAY,"Richard ""Kinky"" Friedman",29,74,39
GRAYSON,"Richard ""Kinky"" Friedman",395,1040,38
GREGG,"Richard ""Kinky"" Friedman",530,1596,33
GRIMES,"Richard ""Kinky"" Friedman",100,239,42
GUADALUPE,"Richard ""Kinky"" Friedman",495,1573,31
HALE,"Richard ""Kinky"" Friedman",49,168,29
HALL,"Richard ""Kinky"" Friedman",25,61,41
HAMILTON,"Richard ""Kinky"" Friedman",62,141,44
HANSFORD,"Richard ""Kinky"" Friedman",0,0,0
HARDEMAN,"Richard ""Kinky"" Friedman",27,66,41
HARDIN,"Richard ""Kinky"" Friedman",154,457,34
HARRIS,"Richard ""Kinky"" Friedman",15407,47072,33
HARRISON,"Richard ""Kinky"" Friedman",340,1118,30
HARTLEY,"Richard ""Kinky"" Friedman",0,0,0
HASKELL,"Richard ""Kinky"" Friedman",52,192,27
HAYS,"Richard ""Kinky"" Friedman",1089,2922,37
HEMPHILL,"Richard ""Kinky"" Friedman",2,17,12
HENDERSON,"Richard ""Kinky"" Friedman",370,926,40
HIDALGO,"Richard ""Kinky"" Friedman",13934,30809,45
HILL,"Richard ""Kinky"" Friedman",131,401,33
HOCKLEY,"Richard ""Kinky"" Friedman",36,123,29
HOOD,"Richard ""Kinky"" Friedman",207,585,35
HOPKINS,"Richard ""Kinky"" Friedman",130,420,31
HOUSTON,"Richard ""Kinky"" Friedman",57,235,24
HOWARD,"Richard ""Kinky"" Friedman",90,214,42
HUDSPETH,"Richard ""Kinky"" Friedman",196,356,55
HUNT,"Richard ""Kinky"" Friedman",270,664,41
HUTCHINSON,"Richard ""Kinky"" Friedman",51,139,37
IRION,"Richard ""Kinky"" Friedman",5,19,26
JACK,"Richard ""Kinky"" Friedman",24,71,34
JACKSON,"Richard ""Kinky"" Friedman",35,121,29
JASPER,"Richard ""Kinky"" Friedman",209,787,27
JEFF DAVIS,"Richard ""Kinky"" Friedman",171,364,47
JEFFERSON,"Richard ""Kinky"" Friedman",3245,9105,36
JIM HOGG,"Richard ""Kinky"" Friedman",672,1446,46
JIM WELLS,"Richard ""Kinky"" Friedman",1497,3760,40
JOHNSON,"Richard ""Kinky"" Friedman",506,1214,42
JONES,"Richard ""Kinky"" Friedman",46,135,34
KARNES,"Richard ""Kinky"" Friedman",623,1311,48
KAUFMAN,"Richard ""Kinky"" Friedman",373,1045,36
KENDALL,"Richard ""Kinky"" Friedman",113,319,35
KENEDY,"Richard ""Kinky"" Friedman",22,53,42
KENT,"Richard ""Kinky"" Friedman",58,137,42
KERR,"Richard ""Kinky"" Friedman",279,543,51
KIMBLE,"Richard ""Kinky"" Friedman",0,0,0
KING,"Richard ""Kinky"" Friedman",0,2,0
KINNEY,"Richard ""Kinky"" Friedman",117,333,35
KLEBERG,"Richard ""Kinky"" Friedman",645,1750,37
KNOX,"Richard ""Kinky"" Friedman",16,65,25
LAMAR,"Richard ""Kinky"" Friedman",185,557,33
LAMB,"Richard ""Kinky"" Friedman",30,92,33
LAMPASAS,"Richard ""Kinky"" Friedman",53,161,33
LA SALLE,"Richard ""Kinky"" Friedman",361,796,45
LAVACA,"Richard ""Kinky"" Friedman",77,238,32
LEE,"Richard ""Kinky"" Friedman",113,276,41
LEON,"Richard ""Kinky"" Friedman",49,131,37
LIBERTY,"Richard ""Kinky"" Friedman",234,528,44
LIMESTONE,"Richard ""Kinky"" Friedman",115,299,38
LIPSCOMB,"Richard ""Kinky"" Friedman",7,15,47
LIVE OAK,"Richard ""Kinky"" Friedman",43,113,38
LLANO,"Richard ""Kinky"" Friedman",147,422,35
LOVING,"Richard ""Kinky"" Friedman",2,9,22
LUBBOCK,"Richard ""Kinky"" Friedman",1497,3722,40
LYNN,"Richard ""Kinky"" Friedman",0,0,0
MADISON,"Richard ""Kinky"" Friedman",32,101,32
MARION,"Richard ""Kinky"" Friedman",81,216,38
MARTIN,"Richard ""Kinky"" Friedman",10,26,38
MASON,"Richard ""Kinky"" Friedman",23,61,38
MATAGORDA,"Richard ""Kinky"" Friedman",449,1228,37
MAVERICK,"Richard ""Kinky"" Friedman",1125,3149,36
MCCULLOCH,"Richard ""Kinky"" Friedman",0,0,0
MCLENNAN,"Richard ""Kinky"" Friedman",674,2030,33
MCMULLEN,"Richard ""Kinky"" Friedman",0,0,0
MEDINA,"Richard ""Kinky"" Friedman",186,477,39
MENARD,"Richard ""Kinky"" Friedman",12,20,60
MIDLAND,"Richard ""Kinky"" Friedman",322,878,37
MILAM,"Richard ""Kinky"" Friedman",131,385,34
MILLS,"Richard ""Kinky"" Friedman",0,0,0
MITCHELL,"Richard ""Kinky"" Friedman",32,89,36
MONTAGUE,"Richard ""Kinky"" Friedman",35,90,39
MONTGOMERY,"Richard ""Kinky"" Friedman",910,2280,40
MOORE,"Richard ""Kinky"" Friedman",0,0,0
MORRIS,"Richard ""Kinky"" Friedman",284,811,35
MOTLEY,"Richard ""Kinky"" Friedman",5,14,36
NACOGDOCHES,"Richard ""Kinky"" Friedman",227,624,36
NAVARRO,"Richard ""Kinky"" Friedman",183,503,36
NEWTON,"Richard ""Kinky"" Friedman",331,983,34
NOLAN,"Richard ""Kinky"" Friedman",124,333,37
NUECES,"Richard ""Kinky"" Friedman",2213,6686,33
OCHILTREE,"Richard ""Kinky"" Friedman",5,19,26
OLDHAM,"Richard ""Kinky"" Friedman",0,0,0
ORANGE,"Richard ""Kinky"" Friedman",386,1263,31
PALO PINTO,"Richard ""Kinky"" Friedman",130,325,40
PANOLA,"Richard ""Kinky"" Friedman",46,227,20
PARKER,"Richard ""Kinky"" Friedman",506,1264,40
PARMER,"Richard ""Kinky"" Friedman",9,28,32
PECOS,"Richard ""Kinky"" Friedman",184,514,36
POLK,"Richard ""Kinky"" Friedman",177,459,39
POTTER,"Richard ""Kinky"" Friedman",300,752,40
PRESIDIO,"Richard ""Kinky"" Friedman",390,844,46
RAINS,"Richard ""Kinky"" Friedman",30,100,30
RANDALL,"Richard ""Kinky"" Friedman",306,881,35
REAGAN,"Richard ""Kinky"" Friedman",4,9,44
REAL,"Richard ""Kinky"" Friedman",7,14,50
RED RIVER,"Richard ""Kinky"" Friedman",72,262,27
REEVES,"Richard ""Kinky"" Friedman",483,1119,43
REFUGIO,"Richard ""Kinky"" Friedman",75,237,32
ROBERTS,"Richard ""Kinky"" Friedman",0,0,0
ROBERTSON,"Richard ""Kinky"" Friedman",469,1433,33
ROCKWALL,"Richard ""Kinky"" Friedman",332,890,37
RUNNELS,"Richard ""Kinky"" Friedman",11,42,26
RUSK,"Richard ""Kinky"" Friedman",128,336,38
SABINE,"Richard ""Kinky"" Friedman",48,145,33
SAN AUGUSTINE,"Richard ""Kinky"" Friedman",100,322,31
SAN JACINTO,"Richard ""Kinky"" Friedman",223,587,38
SAN PATRICIO,"Richard ""Kinky"" Friedman",424,1393,30
SAN SABA,"Richard ""Kinky"" Friedman",0,0,0
SCHLEICHER,"Richard ""Kinky"" Friedman",49,138,36
SCURRY,"Richard ""Kinky"" Friedman",29,89,33
SHACKELFORD,"Richard ""Kinky"" Friedman",0,0,0
SHELBY,"Richard ""Kinky"" Friedman",121,414,29
SHERMAN,"Richard ""Kinky"" Friedman",2,11,18
SMITH,"Richard ""Kinky"" Friedman",599,1935,31
SOMERVELL,"Richard ""Kinky"" Friedman",25,43,58
STARR,"Richard ""Kinky"" Friedman",1866,3581,52
STEPHENS,"Richard ""Kinky"" Friedman",9,50,18
STERLING,"Richard ""Kinky"" Friedman",1,3,33
STONEWALL,"Richard ""Kinky"" Friedman",66,186,35
SUTTON,"Richard ""Kinky"" Friedman",15,25,60
SWISHER,"Richard ""Kinky"" Friedman",150,420,36
TARRANT,"Richard ""Kinky"" Friedman",13213,34704,38
TAYLOR,"Richard ""Kinky"" Friedman",244,914,27
TERRELL,"Richard ""Kinky"" Friedman",44,88,50
TERRY,"Richard ""Kinky"" Friedman",34,105,32
THROCKMORTON,"Richard ""Kinky"" Friedman",0,0,0
TITUS,"Richard ""Kinky"" Friedman",150,418,36
TOM GREEN,"Richard ""Kinky"" Friedman",319,886,36
TRAVIS,"Richard ""Kinky"" Friedman",15703,41400,38
TRINITY,"Richard ""Kinky"" Friedman",114,320,36
TYLER,"Richard ""Kinky"" Friedman",101,320,32
UPSHUR,"Richard ""Kinky"" Friedman",81,263,31
UPTON,"Richard ""Kinky"" Friedman",145,306,47
UVALDE,"Richard ""Kinky"" Friedman",652,1502,43
VAL VERDE,"Richard ""Kinky"" Friedman",2107,5044,42
VAN ZANDT,"Richard ""Kinky"" Friedman",158,445,36
VICTORIA,"Richard ""Kinky"" Friedman",397,1241,32
WALKER,"Richard ""Kinky"" Friedman",229,707,32
WALLER,"Richard ""Kinky"" Friedman",286,776,37
WARD,"Richard ""Kinky"" Friedman",165,492,34
WASHINGTON,"Richard ""Kinky"" Friedman",107,338,32
WEBB,"Richard ""Kinky"" Friedman",10118,21821,46
WHARTON,"Richard ""Kinky"" Friedman",141,432,33
WHEELER,"Richard ""Kinky"" Friedman",13,38,34
WICHITA,"Richard ""Kinky"" Friedman",343,1202,29
WILBARGER,"Richard ""Kinky"" Friedman",187,459,41
WILLACY,"Richard ""Kinky"" Friedman",986,2270,43
WILLIAMSON,"Richard ""Kinky"" Friedman",2284,6690,34
WILSON,"Richard ""Kinky"" Friedman",390,1058,37
WINKLER,"Richard ""Kinky"" Friedman",8,20,40
WISE,"Richard ""Kinky"" Friedman",211,575,37
WOOD,"Richard ""Kinky"" Friedman",118,393,30
YOAKUM,"Richard ""Kinky"" Friedman",0,0,0
YOUNG,"Richard ""Kinky"" Friedman",52,151,34
ZAPATA,"Richard ""Kinky"" Friedman",568,1348,42
ZAVALA,"Richard ""Kinky"" Friedman",359,995,36
ANDERSON,Steve Brown,374,620,60
ANDREWS,Steve Brown,46,67,69
ANGELINA,Steve Brown,622,856,73
ARANSAS,Steve Brown,155,267,58
ARCHER,Steve Brown,24,54,44
ARMSTRONG,Steve Brown,0,0,0
ATASCOSA,Steve Brown,524,723,72
AUSTIN,Steve Brown,106,157,68
BAILEY,Steve Brown,19,29,66
BANDERA,Steve Brown,131,220,60
BASTROP,Steve Brown,988,1563,63
BAYLOR,Steve Brown,13,25,52
BEE,Steve Brown,517,976,53
BELL,Steve Brown,1568,2381,66
BEXAR,Steve Brown,27239,37213,73
BLANCO,Steve Brown,95,145,66
BORDEN,Steve Brown,0,0,0
BOSQUE,Steve Brown,116,232,50
BOWIE,Steve Brown,163,279,58
BRAZORIA,Steve Brown,1776,2625,68
BRAZOS,Steve Brown,1209,1713,71
BREWSTER,Steve Brown,723,1045,69
BRISCOE,Steve Brown,9,17,53
BROOKS,Steve Brown,772,1390,56
BROWN,Steve Brown,103,183,56
BURLESON,Steve Brown,160,215,74
BURNET,Steve Brown,268,446,60
CALDWELL,Steve Brown,1071,1657,65
CALHOUN,Steve Brown,846,1402,60
CALLAHAN,Steve Brown,0,0,0
CAMERON,Steve Brown,7908,13034,61
CAMP,Steve Brown,93,175,53
CARSON,Steve Brown,35,52,67
CASS,Steve Brown,381,582,65
CASTRO,Steve Brown,57,77,74
CHAMBERS,Steve Brown,181,288,63
CHEROKEE,Steve Brown,287,403,71
CHILDRESS,Steve Brown,28,45,62
CLAY,Steve Brown,38,80,48
COCHRAN,Steve Brown,0,0,0
COKE,Steve Brown,11,22,50
COLEMAN,Steve Brown,42,65,65
COLLIN,Steve Brown,4865,7552,64
COLLINGSWORTH,Steve Brown,0,0,0
COLORADO,Steve Brown,117,202,58
COMAL,Steve Brown,999,1481,67
COMANCHE,Steve Brown,88,146,60
CONCHO,Steve Brown,14,21,67
COOKE,Steve Brown,133,239,56
CORYELL,Steve Brown,170,362,47
COTTLE,Steve Brown,15,34,44
CRANE,Steve Brown,52,79,66
CROCKETT,Steve Brown,286,438,65
CROSBY,Steve Brown,244,344,71
CULBERSON,Steve Brown,237,352,67
DALLAM,Steve Brown,0,0,0
DALLAS,Steve Brown,35313,53031,67
DAWSON,Steve Brown,227,286,79
DEAF SMITH,Steve Brown,25,49,51
DELTA,Steve Brown,55,83,66
DENTON,Steve Brown,4489,6382,70
DE WITT,Steve Brown,106,141,75
DICKENS,Steve Brown,0,0,0
DIMMIT,Steve Brown,1068,1786,60
DONLEY,Steve Brown,11,19,58
DUVAL,Steve Brown,1111,2126,52
EASTLAND,Steve Brown,68,127,54
ECTOR,Steve Brown,797,1222,65
EDWARDS,Steve Brown,53,84,63
ELLIS,Steve Brown,1131,1862,61
EL PASO,Steve Brown,14455,24172,60
ERATH,Steve Brown,102,230,44
FALLS,Steve Brown,125,212,59
FANNIN,Steve Brown,226,388,58
FAYETTE,Steve Brown,183,299,61
FISHER,Steve Brown,274,448,61
FLOYD,Steve Brown,16,29,55
FOARD,Steve Brown,28,93,30
FORT BEND,Steve Brown,6270,7729,81
FRANKLIN,Steve Brown,49,82,60
FREESTONE,Steve Brown,166,297,56
FRIO,Steve Brown,755,1324,57
GAINES,Steve Brown,37,63,59
GALVESTON,Steve Brown,2656,3647,73
GARZA,Steve Brown,12,25,48
GILLESPIE,Steve Brown,152,273,56
GLASSCOCK,Steve Brown,0,0,0
GOLIAD,Steve Brown,195,291,67
GONZALES,Steve Brown,137,172,80
GRAY,Steve Brown,43,70,61
GRAYSON,Steve Brown,635,1005,63
GREGG,Steve Brown,963,1601,60
GRIMES,Steve Brown,170,235,72
GUADALUPE,Steve Brown,1109,1528,73
HALE,Steve Brown,90,169,53
HALL,Steve Brown,43,59,73
HAMILTON,Steve Brown,54,130,42
HANSFORD,Steve Brown,0,0,0
HARDEMAN,Steve Brown,34,63,54
HARDIN,Steve Brown,245,444,55
HARRIS,Steve Brown,30297,44966,67
HARRISON,Steve Brown,681,1101,62
HARTLEY,Steve Brown,0,0,0
HASKELL,Steve Brown,103,177,58
HAYS,Steve Brown,1921,2712,71
HEMPHILL,Steve Brown,10,17,59
HENDERSON,Steve Brown,508,906,56
HIDALGO,Steve Brown,17873,29666,60
HILL,Steve Brown,210,387,54
HOCKLEY,Steve Brown,70,119,59
HOOD,Steve Brown,278,567,49
HOPKINS,Steve Brown,280,421,67
HOUSTON,Steve Brown,133,231,58
HOWARD,Steve Brown,115,205,56
HUDSPETH,Steve Brown,182,325,56
HUNT,Steve Brown,395,622,64
HUTCHINSON,Steve Brown,85,137,62
IRION,Steve Brown,16,20,80
JACK,Steve Brown,36,64,56
JACKSON,Steve Brown,60,111,54
JASPER,Steve Brown,490,748,66
JEFF DAVIS,Steve Brown,198,291,68
JEFFERSON,Steve Brown,6005,9137,66
JIM HOGG,Steve Brown,496,1406,35
JIM WELLS,Steve Brown,2253,3526,64
JOHNSON,Steve Brown,641,1155,55
JONES,Steve Brown,87,133,65
KARNES,Steve Brown,942,1233,76
KAUFMAN,Steve Brown,583,1031,57
KENDALL,Steve Brown,192,291,66
KENEDY,Steve Brown,34,53,64
KENT,Steve Brown,57,111,51
KERR,Steve Brown,313,477,66
KIMBLE,Steve Brown,0,0,0
KING,Steve Brown,1,2,50
KINNEY,Steve Brown,190,304,63
KLEBERG,Steve Brown,1090,1670,65
KNOX,Steve Brown,33,60,55
LAMAR,Steve Brown,283,551,51
LAMB,Steve Brown,55,84,65
LAMPASAS,Steve Brown,66,167,40
LA SALLE,Steve Brown,399,721,55
LAVACA,Steve Brown,168,241,70
LEE,Steve Brown,189,257,74
LEON,Steve Brown,77,127,61
LIBERTY,Steve Brown,324,509,64
LIMESTONE,Steve Brown,181,304,60
LIPSCOMB,Steve Brown,7,14,50
LIVE OAK,Steve Brown,55,99,56
LLANO,Steve Brown,239,388,62
LOVING,Steve Brown,7,10,70
LUBBOCK,Steve Brown,2045,3590,57
LYNN,Steve Brown,0,0,0
MADISON,Steve Brown,72,101,71
MARION,Steve Brown,141,209,67
MARTIN,Steve Brown,18,27,67
MASON,Steve Brown,33,57,58
MATAGORDA,Steve Brown,781,1121,70
MAVERICK,Steve Brown,1909,3021,63
MCCULLOCH,Steve Brown,0,0,0
MCLENNAN,Steve Brown,1400,1986,70
MCMULLEN,Steve Brown,0,0,0
MEDINA,Steve Brown,307,456,67
MENARD,Steve Brown,7,17,41
MIDLAND,Steve Brown,481,871,55
MILAM,Steve Brown,164,370,44
MILLS,Steve Brown,0,0,0
MITCHELL,Steve Brown,54,90,60
MONTAGUE,Steve Brown,50,90,56
MONTGOMERY,Steve Brown,1474,2149,69
MOORE,Steve Brown,0,0,0
MORRIS,Steve Brown,528,785,67
MOTLEY,Steve Brown,7,12,58
NACOGDOCHES,Steve Brown,332,601,55
NAVARRO,Steve Brown,342,498,69
NEWTON,Steve Brown,620,922,67
NOLAN,Steve Brown,190,305,62
NUECES,Steve Brown,3866,6179,63
OCHILTREE,Steve Brown,9,15,60
OLDHAM,Steve Brown,0,0,0
ORANGE,Steve Brown,729,1232,59
PALO PINTO,Steve Brown,180,312,58
PANOLA,Steve Brown,141,221,64
PARKER,Steve Brown,651,1216,54
PARMER,Steve Brown,19,27,70
PECOS,Steve Brown,346,494,70
POLK,Steve Brown,303,449,67
POTTER,Steve Brown,411,741,55
PRESIDIO,Steve Brown,561,784,72
RAINS,Steve Brown,64,101,63
RANDALL,Steve Brown,463,836,55
REAGAN,Steve Brown,5,9,56
REAL,Steve Brown,8,14,57
RED RIVER,Steve Brown,168,258,65
REEVES,Steve Brown,696,1075,65
REFUGIO,Steve Brown,165,222,74
ROBERTS,Steve Brown,0,0,0
ROBERTSON,Steve Brown,867,1379,63
ROCKWALL,Steve Brown,542,864,63
RUNNELS,Steve Brown,23,40,58
RUSK,Steve Brown,227,328,69
SABINE,Steve Brown,69,140,49
SAN AUGUSTINE,Steve Brown,167,307,54
SAN JACINTO,Steve Brown,313,560,56
SAN PATRICIO,Steve Brown,645,1353,48
SAN SABA,Steve Brown,0,0,0
SCHLEICHER,Steve Brown,97,133,73
SCURRY,Steve Brown,58,91,64
SHACKELFORD,Steve Brown,0,0,0
SHELBY,Steve Brown,254,390,65
SHERMAN,Steve Brown,4,11,36
SMITH,Steve Brown,1127,1921,59
SOMERVELL,Steve Brown,19,40,48
STARR,Steve Brown,1592,3317,48
STEPHENS,Steve Brown,25,49,51
STERLING,Steve Brown,3,3,100
STONEWALL,Steve Brown,108,171,63
SUTTON,Steve Brown,16,26,62
SWISHER,Steve Brown,275,408,67
TARRANT,Steve Brown,20274,33424,61
TAYLOR,Steve Brown,524,887,59
TERRELL,Steve Brown,63,89,71
TERRY,Steve Brown,64,106,60
THROCKMORTON,Steve Brown,0,0,0
TITUS,Steve Brown,209,402,52
TOM GREEN,Steve Brown,523,856,61
TRAVIS,Steve Brown,25095,37513,67
TRINITY,Steve Brown,195,314,62
TYLER,Steve Brown,202,307,66
UPSHUR,Steve Brown,157,249,63
UPTON,Steve Brown,222,307,72
UVALDE,Steve Brown,999,1438,69
VAL VERDE,Steve Brown,2935,4801,61
VAN ZANDT,Steve Brown,246,428,57
VICTORIA,Steve Brown,708,1221,58
WALKER,Steve Brown,455,691,66
WALLER,Steve Brown,497,754,66
WARD,Steve Brown,318,472,67
WASHINGTON,Steve Brown,227,319,71
WEBB,Steve Brown,10104,20858,48
WHARTON,Steve Brown,279,424,66
WHEELER,Steve Brown,25,36,69
WICHITA,Steve Brown,709,1147,62
WILBARGER,Steve Brown,273,435,63
WILLACY,Steve Brown,1303,2186,60
WILLIAMSON,Steve Brown,4118,6266,66
WILSON,Steve Brown,626,1027,61
WINKLER,Steve Brown,19,23,83
WISE,Steve Brown,330,554,60
WOOD,Steve Brown,184,379,49
YOAKUM,Steve Brown,0,0,0
YOUNG,Steve Brown,80,137,58
ZAPATA,Steve Brown,728,1317,55
ZAVALA,Steve Brown,507,917,55
